City_ID,City,Lat,Lng,Max Temp,Humidity,Cloudiness,Wind Speed,Country,Date
0,college,64.8569,-147.8028,4.97,45,20,2.06,US,1682471206
1,ixtapa,20.7,-105.2,25.13,78,75,3.6,MX,1682471206
2,bethel,41.3712,-73.414,10.92,65,0,2.06,US,1682471024
3,hawaiian paradise park,19.5933,-154.9731,27.73,69,0,5.66,US,1682471206
4,nogliki,51.8333,143.1667,2.47,86,100,5.97,RU,1682471207
5,suva,-18.1416,178.4415,29.71,70,75,6.69,FJ,1682471207
6,avarua,-21.2078,-159.775,26.03,78,75,3.6,CK,1682471061
7,jidong,45.2167,131.0833,7.98,26,1,5.16,CN,1682471207
8,labytnangi,66.6572,66.4183,-11.25,92,5,2.22,RU,1682471208
9,iskateley,67.6803,53.1512,-7.2,87,10,6.05,RU,1682471208
10,ajdabiya,30.7554,20.2263,18.29,38,0,2.08,LY,1682471208
11,port-aux-francais,-49.35,70.2167,5.59,90,87,11.55,TF,1682471048
12,yellowknife,62.456,-114.3525,4.29,81,100,3.6,CA,1682471193
13,barbacoas,1.6715,-78.1398,25.21,91,100,0.16,CO,1682471209
14,manokwari,-0.8667,134.0833,27.5,74,99,0.87,ID,1682471209
15,chui,-33.6971,-53.4616,18.51,92,100,2.41,UY,1682471209
16,suntar,62.1444,117.6319,-1.21,92,100,2.0,RU,1682471209
17,bama,11.5221,13.6856,28.32,18,87,0.32,NG,1682471210
18,greymouth,-42.4667,171.2,13.02,69,100,4.07,NZ,1682471210
19,adamstown,-25.066,-130.1015,24.94,76,4,4.92,PN,1682471210
20,longyearbyen,78.2186,15.6401,-7.09,79,0,1.54,SJ,1682471211
21,punta arenas,-53.15,-70.9167,6.06,75,75,6.69,CL,1682471041
22,whitehorse,60.7161,-135.0538,5.43,35,75,7.2,CA,1682470922
23,mogocha,53.7333,119.7667,3.34,32,30,2.06,RU,1682471211
24,west island,-12.1568,96.8225,26.99,83,75,7.2,CC,1682471061
25,margaret river,-33.95,115.0667,16.63,73,100,6.4,AU,1682471023
26,bredasdorp,-34.5322,20.0403,13.97,89,100,1.17,ZA,1682471212
27,darwin,-12.4611,130.8418,30.53,68,20,6.17,AU,1682471029
28,lebu,-37.6167,-73.65,14.03,81,100,1.95,CL,1682471212
29,antsiranana,-12.2787,49.2917,24.76,92,100,2.47,MG,1682471212
30,karratha,-20.7377,116.8463,27.3,38,76,2.8,AU,1682471133
31,sitka,57.0531,-135.33,7.94,57,40,3.6,US,1682471213
32,nizhnesortymskiy,62.4397,71.7603,-4.6,96,18,3.82,RU,1682471213
33,stanley,54.868,-1.6985,3.2,85,40,0.51,GB,1682471082
34,glendora,34.1361,-117.8653,24.25,65,0,6.69,US,1682471213
35,hithadhoo,-0.6,73.0833,28.99,75,100,6.2,MV,1682471214
36,rengali,21.6333,84.05,26.02,60,100,0.84,IN,1682471214
37,tiksi,71.6872,128.8694,-9.84,93,100,2.07,RU,1682471050
38,xilin hot,43.9667,116.0333,6.21,15,100,6.59,CN,1682471133
39,grytviken,-54.2811,-36.5092,3.99,96,47,6.22,GS,1682471214
40,papatowai,-46.5619,169.4708,10.9,67,84,7.09,NZ,1682471047
41,sicuani,-14.2694,-71.2261,6.74,86,100,1.28,PE,1682471215
42,wailua homesteads,22.0669,-159.378,26.24,70,100,6.17,US,1682471056
43,rongelap,11.1635,166.8941,27.11,83,100,10.2,MH,1682471060
44,igarka,67.4667,86.5833,-2.93,96,100,5.27,RU,1682471216
45,klyuchi,52.2667,79.1667,10.09,59,64,5.08,RU,1682471216
46,cockburn town,21.4612,-71.1419,25.64,77,46,5.04,TC,1682471043
47,albany,42.6001,-73.9662,7.51,71,5,1.92,US,1682471216
48,invercargill,-46.4,168.35,11.68,82,99,0.89,NZ,1682471041
49,taitung city,22.7583,121.1444,24.15,83,75,3.6,TW,1682471217
50,georgetown,5.4112,100.3354,27.96,88,20,1.54,MY,1682471080
51,mizdah,31.4451,12.9801,19.92,30,92,2.12,LY,1682471217
52,new norfolk,-42.7826,147.0587,19.4,51,3,1.2,AU,1682471217
53,st. john's,47.5649,-52.7093,2.04,96,100,8.94,CA,1682471217
54,saipan,15.1355,145.701,31.39,100,40,9.77,MP,1682471064
55,anadyr,64.75,177.4833,-4.72,53,0,4.0,RU,1682471218
56,ilulissat,69.2167,-51.1,0.01,100,100,3.09,GL,1682471048
57,bilibino,68.0546,166.4372,-2.24,59,5,0.47,RU,1682471218
58,san juan,-31.5375,-68.5364,20.93,35,23,2.67,AR,1682471191
59,edinburgh of the seven seas,-37.0676,-12.3116,15.56,64,100,11.48,SH,1682471219
60,jamestown,42.097,-79.2353,5.85,81,100,2.24,US,1682471219
61,ocos,14.5094,-92.1933,30.1,65,1,4.68,GT,1682471219
62,topchikha,52.8192,83.1185,4.21,86,100,4.11,RU,1682471219
63,olinda,-8.0089,-34.8553,26.85,83,75,2.06,BR,1682471001
64,gerash,27.6652,54.1371,16.08,35,84,1.45,IR,1682471220
65,las terrenas,19.311,-69.5428,24.9,75,100,2.66,DO,1682471220
66,tromso,69.6496,18.957,-0.35,59,100,2.06,NO,1682471220
67,fort bragg,35.139,-79.006,16.62,66,100,2.57,US,1682471176
68,blackmans bay,-43.0167,147.3167,18.74,60,7,1.72,AU,1682471048
69,arraial do cabo,-22.9661,-42.0278,23.68,86,0,5.96,BR,1682471221
70,banda aceh,5.5577,95.3222,27.74,76,100,4.03,ID,1682471221
71,pedernales,18.0384,-71.744,25.45,77,23,0.24,DO,1682471222
72,okha,53.5739,142.9478,1.05,80,100,7.25,RU,1682471222
73,fale old settlement,-9.3852,-171.2468,29.29,72,13,6.19,TK,1682471223
74,udachny,66.4167,112.4,-3.64,85,100,3.91,RU,1682471223
75,bafia,4.75,11.2333,21.41,98,100,0.16,CM,1682471223
76,port elizabeth,-33.918,25.5701,19.06,99,100,1.54,ZA,1682471055
77,west bay,19.3667,-81.4167,28.04,75,0,1.03,KY,1682471224
78,waitangi,-43.9535,-176.5597,13.23,77,98,1.79,NZ,1682471053
79,batticaloa,7.7102,81.6924,27.09,82,97,1.29,LK,1682471225
80,hamilton,39.1834,-84.5333,13.85,53,100,0.0,US,1682471072
81,pokhara,28.2333,83.9833,20.65,31,92,1.67,NP,1682471081
82,dunedin,-45.8742,170.5036,12.67,54,88,6.71,NZ,1682471160
83,puerto natales,-51.7236,-72.4875,4.0,89,100,1.94,CL,1682471052
84,lompoc,34.6391,-120.4579,22.05,83,100,5.81,US,1682471226
85,remire-montjoly,4.9167,-52.2667,24.02,100,75,1.03,GF,1682471026
86,puerto plata,19.7934,-70.6884,24.95,83,40,0.0,DO,1682471195
87,bangarapet,12.9667,78.2,22.27,89,26,2.06,IN,1682471227
88,road town,18.4167,-64.6167,26.02,69,20,1.54,VG,1682470937
89,butwal,27.7006,83.4484,23.34,32,100,2.18,NP,1682471227
90,kodiak,57.79,-152.4072,5.73,75,75,6.17,US,1682471228
91,talnakh,69.4865,88.3972,-0.44,85,100,0.41,RU,1682471229
92,thompson,55.7435,-97.8558,8.09,31,20,2.57,CA,1682471073
93,las lomas,8.4333,-82.4,26.67,89,20,0.51,PA,1682471229
94,angaur state,6.906,134.13,28.84,73,17,3.89,PW,1682471132
95,port mathurin,-19.6833,63.4167,25.88,79,11,6.68,MU,1682471051
96,rosignol,6.2833,-57.5333,23.97,93,100,1.25,GY,1682471230
97,ocean acres,39.7435,-74.281,12.03,65,89,0.41,US,1682471231
98,beboto,8.2668,16.939,28.02,46,87,1.8,TD,1682471231
99,bel ombre,-4.6167,55.4167,28.52,72,24,2.85,SC,1682471232
100,luderitz,-26.6481,15.1594,16.82,81,0,4.86,NA,1682471232
101,orlovskiy,46.8714,42.0592,7.05,93,7,3.29,RU,1682471233
102,roma,43.2128,-75.4557,6.04,77,0,1.54,US,1682471167
103,tan-tan,28.438,-11.1032,20.09,72,77,0.24,MA,1682471233
104,hailey,43.5196,-114.3153,10.92,48,0,4.47,US,1682471233
105,weno,7.4515,151.8468,26.97,94,100,3.6,FM,1682471042
106,olonkinbyen,70.9221,-8.7187,-3.64,69,100,5.52,SJ,1682471066
107,usinsk,65.9939,57.5281,-7.18,95,17,3.53,RU,1682471234
108,bardai,11.65,7.2333,28.32,43,94,3.48,NG,1682471234
109,taoudenni,22.6783,-3.9836,29.58,12,11,4.72,ML,1682471124
110,vila franca do campo,37.7167,-25.4333,17.23,94,5,3.18,PT,1682471235
111,constantia,44.1833,28.65,9.38,90,78,3.98,RO,1682471124
112,damghan,36.1683,54.348,20.36,41,91,1.4,IR,1682471236
113,khasab,26.1799,56.2477,25.89,59,0,2.06,OM,1682471236
114,colonia,50.9333,6.95,4.41,79,0,0.51,DE,1682471173
115,kailua-kona,19.6406,-155.9956,27.98,77,75,3.6,US,1682471237
116,fort st. john,56.2499,-120.8529,5.94,52,75,3.6,CA,1682471067
117,kharan,28.5833,65.4167,22.66,47,100,1.58,PK,1682471237
118,santa ana,33.7456,-117.8678,23.33,71,75,5.14,US,1682471041
119,boldumsaz,42.1282,59.671,14.97,26,100,4.79,TM,1682471238
120,zouerate,22.7187,-12.4521,30.3,17,3,4.46,MR,1682471238
121,akureyri,65.6835,-18.0878,-2.8,77,95,1.16,IS,1682471239
122,hotan,37.0997,79.9269,17.24,18,31,3.67,CN,1682471239
123,santa cruz do capibaribe,-7.9575,-36.2047,20.86,97,98,1.9,BR,1682471240
124,mizan teferi,6.9833,35.5833,16.51,98,100,1.39,ET,1682471240
125,maxixe,-23.8597,35.3472,20.88,86,2,1.82,MZ,1682471241
126,island harbour,50.724,-1.2758,7.79,81,100,4.92,GB,1682471241
127,lukow,51.929,22.3796,6.07,93,100,5.95,PL,1682471241
128,lazaro cardenas,17.9583,-102.2,26.27,64,81,4.01,MX,1682471100
129,kolonia town,6.964,158.206,31.06,74,75,5.14,FM,1682471185
130,ishigaki,24.3448,124.1572,21.59,82,100,12.68,JP,1682471242
131,cabo san lucas,22.8909,-109.9124,27.56,65,19,7.07,MX,1682470834
132,rio grande,-32.035,-52.0986,22.06,93,100,3.53,BR,1682471243
133,atafu village,-8.5421,-172.5159,29.36,74,63,6.07,TK,1682471073
134,benguela,-12.5763,13.4055,26.22,88,73,1.8,AO,1682471244
135,stewartville,43.8555,-92.4885,7.99,44,0,3.09,US,1682471212
136,guajara mirim,-10.7828,-65.3394,23.13,98,100,0.39,BR,1682471083
137,northam,51.0333,-4.2167,7.56,73,100,5.49,GB,1682471055
138,tralee,52.2704,-9.7026,7.79,96,100,3.55,IE,1682471083
139,aasiaat,68.7098,-52.8699,-0.08,99,100,3.11,GL,1682471247
140,shenkursk,62.1091,42.896,5.95,97,100,2.46,RU,1682471247
141,sabana de torres,7.3915,-73.4957,27.34,88,100,1.59,CO,1682471208
142,puerto ayora,-0.7393,-90.3518,25.31,93,100,1.34,EC,1682471047
143,kingsford,-33.924,151.2275,22.8,70,75,0.45,AU,1682471248
144,gandajika,-6.75,23.95,19.73,94,40,0.73,CD,1682471249
145,qaqortoq,60.7167,-46.0333,0.82,94,97,0.68,GL,1682471056
146,tazovsky,67.4667,78.7,-12.27,97,80,3.08,RU,1682471130
147,guixi,28.2886,117.2133,16.87,72,0,1.29,CN,1682471250
148,brazzaville,-4.2658,15.2832,23.01,94,100,0.38,CG,1682471250
149,ushuaia,-54.8,-68.3,4.81,81,20,2.06,AR,1682471092
150,khandyga,62.6667,135.6,1.79,85,87,1.5,RU,1682471251
151,houghton,47.1219,-88.569,2.02,73,100,3.6,US,1682471100
152,dudinka,69.4058,86.1778,-0.21,97,100,3.59,RU,1682471252
153,mil'kovo,55.6078,37.7956,10.33,91,100,3.79,RU,1682471252
154,vorgashor,67.5833,63.95,-11.95,98,97,4.47,RU,1682471132
155,ribeira grande,38.5167,-28.7,17.1,96,100,5.81,PT,1682471209
156,dalnerechensk,45.9339,133.7225,8.24,35,100,5.16,RU,1682471253
157,holualoa,19.6228,-155.9522,25.91,77,75,3.6,US,1682471253
158,fremont,37.5483,-121.9886,28.54,43,0,6.69,US,1682470626
159,buta,2.7858,24.73,21.01,100,100,0.27,CD,1682471254
160,akjoujt,19.6969,-14.4164,28.05,30,1,5.54,MR,1682471254
161,haiku-pauwela,20.9219,-156.3051,25.01,81,75,5.14,US,1682471254
162,el rama,12.1596,-84.2195,24.56,77,5,3.25,NI,1682471254
163,isafjordur,66.0755,-23.124,-1.78,63,4,2.42,IS,1682471255
164,ndjole,-0.1783,10.7649,23.05,99,100,0.98,GA,1682471255
165,margate,51.3813,1.3862,7.72,72,100,0.45,GB,1682471070
166,mount isa,-20.7333,139.5,26.87,50,1,3.6,AU,1682471256
167,port alfred,-33.5906,26.891,19.54,98,98,1.34,ZA,1682471256
168,koryazhma,61.3143,47.1691,9.44,75,100,1.99,RU,1682471256
169,kingston,17.997,-76.7936,27.53,76,75,2.57,JM,1682470743
170,karuri,-0.7,37.1833,17.66,96,100,0.41,KE,1682471256
171,vadso,70.0744,29.7487,-1.91,74,100,1.54,NO,1682471060
172,vuktyl,63.8567,57.3094,-4.88,94,20,1.03,RU,1682471257
173,prado,-17.3411,-39.2208,23.42,90,0,1.08,BR,1682471109
174,portland,45.5234,-122.6762,20.31,47,20,3.6,US,1682471103
175,am timan,11.0297,20.2827,31.06,26,92,2.07,TD,1682471258
176,talodi,10.6325,30.3797,26.33,63,100,2.72,SD,1682471258
177,vilyuchinsk,52.9306,158.4028,6.15,77,35,6.17,RU,1682471258
178,hermanus,-34.4187,19.2345,14.88,84,100,3.5,ZA,1682471060
179,al qaryatayn,34.2296,37.2407,12.41,71,0,2.21,SY,1682471259
180,lerwick,60.1545,-1.1494,2.0,58,28,7.07,GB,1682471259
181,yacuiba,-22.038,-63.6797,15.06,96,1,1.29,BO,1682471259
182,labrador city,52.9463,-66.9114,1.33,94,100,1.11,CA,1682471259
183,enewetak,11.3474,162.3373,26.95,82,98,9.04,MH,1682471260
184,biloli,18.7667,77.7333,25.08,66,40,1.86,IN,1682471260
185,terrace,54.5163,-128.6035,8.04,77,100,0.87,CA,1682471260
186,i-n-salah,27.1935,2.4607,26.0,19,0,6.05,DZ,1682471260
187,polyarnyy,69.1989,33.4478,-7.66,90,79,2.56,RU,1682471261
188,tura,25.5198,90.2201,25.64,40,100,0.63,IN,1682471042
189,tofol,5.3248,163.0078,29.88,74,75,7.72,FM,1682471261
190,westport,41.1415,-73.3579,12.32,60,20,0.89,US,1682471262
191,utrik,11.2278,169.8474,27.1,78,89,9.56,MH,1682471048
192,castillos,-34.1667,-53.8333,17.26,93,89,1.74,UY,1682471262
193,letlhakane,-21.4167,25.5833,21.59,41,40,3.95,BW,1682471262
194,badger,64.8,-147.5333,4.93,36,20,2.06,US,1682471263
195,san antonio de pale,-1.4014,5.6325,27.79,75,100,1.99,GQ,1682471263
196,sandnessjoen,66.0217,12.6316,0.36,84,100,0.89,NO,1682471263
197,mountain creek,-26.6907,153.1024,23.92,78,55,3.58,AU,1682471263
198,tshikapa,-6.4167,20.8,21.83,95,68,0.28,CD,1682471264
199,luanda,-8.8368,13.2343,27.0,89,20,1.54,AO,1682471081
200,ancud,-41.8697,-73.8203,11.58,96,95,0.88,CL,1682471072
201,balaipungut,1.05,101.2833,25.07,93,100,0.42,ID,1682471264
202,mae sai,20.4335,99.8762,30.55,34,53,0.7,TH,1682471264
203,concordia,-31.393,-58.0209,17.1,100,44,2.3,AR,1682471265
204,borkum,53.5809,6.6915,4.41,60,94,9.34,DE,1682471265
205,mejit,10.2753,170.8646,27.17,79,98,9.27,MH,1682471265
206,la junta,37.985,-103.5438,7.16,100,100,10.29,US,1682471265
207,rifle,39.5347,-107.7831,8.33,57,100,2.57,US,1682471265
208,raja,8.4596,25.678,25.66,64,100,2.98,SS,1682471266
209,nelson bay,-32.7167,152.15,22.28,71,82,1.34,AU,1682471266
210,peace river,56.2501,-117.286,8.73,50,100,6.95,CA,1682471235
211,mersing,2.4312,103.8405,26.63,86,100,1.01,MY,1682471266
212,fortuna,40.5982,-124.1573,17.18,73,10,0.89,US,1682471195
213,tual,-5.6667,132.75,28.3,74,94,0.73,ID,1682471267
214,masuda,34.6667,131.85,13.23,73,92,5.49,JP,1682471267
215,qom,34.6401,50.8764,18.82,45,2,1.86,IR,1682471268
216,priob'ye,62.5206,65.5964,-6.35,97,20,0.1,RU,1682471268
217,toamasina,-18.1667,49.3833,24.28,86,61,3.86,MG,1682471268
218,tarawa,1.419,172.984,30.05,74,75,2.57,KI,1682471269
219,la'ie,21.6477,-157.9253,28.98,74,92,1.79,US,1682471269
220,la gi,10.6667,107.7833,28.97,65,100,5.17,VN,1682471269
221,machico,32.7,-16.7667,20.4,62,20,0.51,PT,1682471269
222,afaahiti,-17.75,-149.2833,27.81,83,100,5.3,PF,1682471269
223,ende,-8.8432,121.6623,27.31,85,96,2.39,ID,1682471270
224,areka,7.0667,37.7,15.14,95,99,0.43,ET,1682471270
225,belmonte,-15.8631,-38.8828,24.23,86,5,2.22,BR,1682471097
226,atherton,53.5237,-2.4935,6.23,77,100,0.89,GB,1682471270
227,veseloyarsk,51.2836,81.1056,7.51,70,100,4.1,RU,1682471271
228,east london,-33.0153,27.9116,20.09,93,48,2.51,ZA,1682471270
229,manado,1.487,124.8455,31.43,66,20,1.03,ID,1682471271
230,kingscliff,-28.2667,153.5667,22.65,83,100,6.69,AU,1682471271
231,brezina,33.0989,1.2608,22.42,24,5,2.65,DZ,1682471272
232,cascais,38.6979,-9.4215,17.19,76,63,8.05,PT,1682471272
233,iqaluit,63.7506,-68.5145,-1.15,100,75,1.54,CA,1682471040
234,hilo,19.7297,-155.09,27.85,63,0,5.66,US,1682471130
235,augusto correa,-1.0217,-46.635,23.85,94,20,1.15,BR,1682471273
236,aldinga beach,-35.2793,138.4604,25.8,44,100,7.7,AU,1682471273
237,la passe,45.5549,-0.8967,11.66,98,100,2.85,FR,1682471273
238,pemangkat,1.1667,108.9667,27.44,77,100,1.33,ID,1682471273
239,bakanas,44.8081,76.2772,10.53,36,0,5.54,KZ,1682471274
240,myeik,12.4333,98.6,28.41,73,97,0.94,MM,1682471274
241,strathmore,51.0501,-113.3852,16.04,41,100,5.29,CA,1682470568
242,kichmengskiy gorodok,59.9816,45.7854,10.53,91,100,2.01,RU,1682471274
243,prince albert,53.2001,-105.7677,6.4,86,100,5.53,CA,1682471274
244,oriximina,-1.7656,-55.8661,24.07,92,94,0.49,BR,1682471275
245,lorengau,-2.0226,147.2712,29.84,71,16,3.52,PG,1682471074
246,tynda,55.1667,124.7167,-0.73,62,9,0.65,RU,1682471275
247,la ronge,55.1001,-105.2842,5.14,70,100,6.69,CA,1682471052
248,plettenberg bay,-34.0527,23.3716,16.28,92,40,1.53,ZA,1682471276
249,tutoia,-2.7619,-42.2744,25.1,91,100,2.92,BR,1682471276
250,kuala belait,4.5833,114.1833,28.09,82,95,1.14,BN,1682471146
251,'ain el melh,34.8415,4.1638,17.99,26,58,1.89,DZ,1682471276
252,marica,-22.9194,-42.8186,23.95,91,8,3.84,BR,1682471121
253,manggar,-2.8833,108.2667,28.42,73,99,0.8,ID,1682471277
254,luau,-10.7073,22.2247,17.16,84,87,1.34,AO,1682471071
255,ubari,26.5921,12.7805,22.13,26,2,3.77,LY,1682471277
256,harstad,68.799,16.5293,0.09,95,100,6.26,NO,1682471277
257,kaa-khem,51.6833,94.7333,-1.49,44,5,2.9,RU,1682471277
258,nazyvayevsk,55.5698,71.3529,10.02,63,5,3.44,RU,1682471278
259,petropavlovsk-kamchatsky,53.0452,158.6483,5.33,45,75,7.0,RU,1682471278
260,kuqa,41.7278,82.9364,14.52,25,68,2.84,CN,1682471278
261,ouargla,31.9493,5.325,25.83,20,0,4.44,DZ,1682471278
262,inderbor,48.55,51.7833,18.06,32,100,4.11,KZ,1682471278
263,namibe,-15.1961,12.1522,23.11,81,94,2.2,AO,1682471252
264,tuam,53.5167,-8.85,5.68,95,100,3.26,IE,1682471279
265,tazacorte,28.629,-17.9293,18.97,84,0,3.09,ES,1682471279
266,gaspe,48.8334,-64.4819,1.4,86,16,1.14,CA,1682471279
267,zhezqazghan,47.7833,67.7667,4.32,65,0,4.0,KZ,1682471279
268,bhamo,24.2667,97.2333,27.63,41,36,1.35,MM,1682471280
269,anloga,5.7947,0.8973,28.42,83,100,5.71,GH,1682471280
270,aksu,41.1231,80.2644,15.01,21,39,0.95,CN,1682471280
271,acarau,-2.8856,-40.12,25.18,89,82,3.7,BR,1682471280
272,morden,49.1919,-98.1014,7.79,39,76,3.09,CA,1682471053
273,coahuayana de hidalgo,18.7,-103.6583,25.08,62,100,2.03,MX,1682471087
274,khromtau,50.2503,58.4347,11.96,44,100,6.26,KZ,1682471281
275,grand baie,-20.0182,57.5802,24.26,88,7,1.34,MU,1682471112
276,concepcion,-36.827,-73.0498,12.89,94,75,1.03,CL,1682471230
277,sao felix do xingu,-6.6447,-51.995,23.31,87,100,1.02,BR,1682471282
278,pontes e lacerda,-15.2261,-59.3353,21.98,94,99,1.21,BR,1682471282
279,akrehamn,59.2667,5.1833,5.14,60,20,9.26,NO,1682471283
280,bredy,52.4153,60.3411,12.0,52,100,3.57,RU,1682471283
281,gorokhovets,56.1947,42.7003,11.08,94,100,3.35,RU,1682471284
282,chak azam sahu,30.75,73.0333,24.68,22,76,2.42,PK,1682471284
283,skanes,35.7833,10.8,18.01,52,20,0.0,TN,1682471285
284,paya,18.25,-70.3,26.81,77,14,0.48,DO,1682471285
285,ak-dovurak,51.1833,90.6,-1.64,47,100,1.45,RU,1682471285
286,sawakin,19.1059,37.3321,25.99,71,6,2.86,SD,1682471285
287,pisco,-13.7,-76.2167,22.03,83,0,5.66,PE,1682471286
288,berryville,36.3648,-93.568,14.26,72,100,1.47,US,1682471286
289,gabu,12.2833,-14.2167,24.87,62,6,2.95,GW,1682471286
290,mount gambier,-37.8333,140.7667,21.52,48,100,4.96,AU,1682471287
291,as suwayq,23.8494,57.4386,25.64,69,3,2.87,OM,1682471287
292,sisimiut,66.9395,-53.6735,0.88,98,100,3.08,GL,1682471288
293,yarmouth,41.7057,-70.2286,9.52,92,100,3.09,US,1682471288
294,lincoln,40.8,-96.667,16.04,50,75,2.57,US,1682470936
295,maragogi,-9.0122,-35.2225,24.88,87,100,1.64,BR,1682471122
296,villa de soto,-30.8552,-64.9995,14.67,66,6,2.87,AR,1682471289
297,palmer,42.1584,-72.3287,10.14,69,20,1.54,US,1682471289
298,kasongo-lunda,-6.4667,16.8167,20.89,99,100,0.63,CD,1682471289
299,lihue,21.9789,-159.3672,26.58,70,30,5.03,US,1682471042
300,yermakovskoye,53.2831,92.4003,1.1,59,100,3.58,RU,1682471290
301,hafar al-batin,28.4328,45.9708,23.62,24,54,2.08,SA,1682471290
302,chulym,55.0997,80.9572,3.73,92,100,1.16,RU,1682471222
303,ilha de mocambique,-15.0342,40.7358,25.55,70,70,6.06,MZ,1682471291
304,vennesla,58.2694,7.9741,3.19,57,0,1.54,NO,1682471291
305,as sulaymaniyah,35.5611,45.4375,5.24,100,0,2.06,IQ,1682471291
306,ola,59.5833,151.2833,0.86,77,79,1.44,RU,1682471292
307,lata,40.1629,-8.3327,12.82,91,53,1.04,PT,1682471129
308,dickinson,29.4608,-95.0513,22.75,86,75,5.14,US,1682471293
309,jasper,37.2001,-94.3502,15.03,56,100,1.54,US,1682471293
310,general salgado,-20.6483,-50.3606,20.97,78,69,2.37,BR,1682471076
311,crane,31.3974,-102.3501,26.47,17,0,3.37,US,1682471294
312,cambria,35.5641,-121.0808,29.32,66,14,4.32,US,1682471294
313,sayat,38.7839,63.8803,16.93,31,67,4.26,TM,1682471294
314,ad dabbah,18.05,30.95,29.96,16,70,5.47,SD,1682471295
315,santa cruz,-17.8,-63.1667,22.7,94,75,3.09,BO,1682471261
316,khedbrahma,24.0333,73.05,28.64,22,100,3.03,IN,1682471181
317,half moon,34.826,-77.4594,16.77,59,75,4.63,US,1682471295
318,gargalianoi,37.0667,21.6333,14.09,89,84,1.78,GR,1682471296
319,verkhnevilyuysk,63.4453,120.3167,-0.71,91,100,2.67,RU,1682471296
320,la sarre,48.8002,-79.1996,0.0,99,97,1.87,CA,1682471296
321,necochea,-38.5473,-58.7368,15.34,90,34,3.56,AR,1682471100
322,fauske,67.2588,15.3918,0.02,80,100,1.87,NO,1682471297
323,ust-nera,64.5667,143.2,-2.92,84,55,1.73,RU,1682471297
324,novi grad,45.0458,16.3803,8.14,95,100,1.2,BA,1682471298
325,cedar city,37.6775,-113.0619,11.33,38,4,4.02,US,1682470927
326,santanyi,39.3546,3.1291,17.6,87,99,3.09,ES,1682471299
327,pionerskiy,54.9508,20.2275,5.91,75,100,7.17,RU,1682471299
328,puerto lempira,15.2667,-83.7667,26.15,73,30,4.93,HN,1682471299
329,kapuskasing,49.4169,-82.4331,0.0,93,100,3.6,CA,1682471098
330,tsiombe,-25.3,45.4833,17.09,80,0,0.69,MG,1682471300
331,alamosa,37.4695,-105.87,7.99,39,40,2.06,US,1682471300
332,saint-apollinaire,47.3333,5.0833,4.79,93,0,2.06,FR,1682471301
333,bagneres-de-bigorre,43.0667,0.15,13.28,88,100,1.54,FR,1682471301
334,farsala,39.2947,22.3847,12.53,76,82,2.42,GR,1682471301
335,guerrero negro,27.9769,-114.0611,17.1,69,0,7.01,MX,1682471056
336,cromer,52.9312,1.2989,2.3,63,100,1.11,GB,1682471302
337,port lincoln,-34.7333,135.8667,23.02,50,100,8.6,AU,1682471300
338,wynyard,-41.0,145.7167,18.88,57,56,2.59,AU,1682471125
339,mananara,-16.1667,49.7667,24.23,90,72,2.59,MG,1682471302
340,talcahuano,-36.7167,-73.1167,12.82,94,75,1.03,CL,1682471303
341,kourou,5.1552,-52.6478,24.03,91,100,2.97,GF,1682471303
342,lesozavodsk,45.4794,133.4244,7.85,41,100,5.11,RU,1682471098
343,dondo,-19.6094,34.7431,19.73,94,4,0.55,MZ,1682471304
344,aglona,56.1333,27.0167,7.28,90,40,2.06,LV,1682471304
345,pacific grove,36.6177,-121.9166,19.34,75,0,2.57,US,1682471100
346,mora,11.0461,14.1401,29.87,19,85,1.28,CM,1682471305
347,jiquilisco,13.3167,-88.5833,27.63,78,11,2.14,SV,1682471305
348,pangody,65.85,74.4859,-6.43,98,86,2.56,RU,1682471305
349,juneau,58.3019,-134.4197,5.0,81,100,6.69,US,1682471306
350,brookings,44.3114,-96.7984,9.19,43,20,5.66,US,1682471306
351,happy valley-goose bay,53.3168,-60.3315,5.78,75,56,0.6,CA,1682471306
352,abou el hassan,36.4166,1.1962,18.19,37,42,0.81,DZ,1682471306
353,leh,34.1667,77.5833,-5.83,52,1,0.83,IN,1682471307
354,willmar,45.1219,-95.0433,7.01,42,0,2.57,US,1682471307
355,primero de mayo,-32.2552,-58.4228,16.97,96,21,2.2,AR,1682471307
356,dhuri,30.3667,75.8667,23.8,32,11,1.59,IN,1682471308
357,vila velha,-20.3297,-40.2925,22.97,94,20,1.54,BR,1682471308
358,las heras,-46.5419,-68.9359,8.03,85,100,4.04,AR,1682471309
359,argo,37.6333,22.7333,14.88,71,100,2.19,GR,1682471118
360,alappuzha,9.49,76.3264,26.86,83,30,2.55,IN,1682471309
361,kaohsiung,22.6163,120.3133,25.97,74,40,3.09,TW,1682471310
362,veraval,20.9,70.3667,25.97,65,1,2.07,IN,1682471310
363,hadibu,12.65,54.0333,27.11,75,5,3.36,YE,1682471213
364,al matlin,37.2452,10.05,16.77,77,100,4.2,TN,1682471311
365,san pedro pochutla,15.7333,-96.4667,28.17,62,21,3.59,MX,1682471311
366,marte,12.3611,13.8246,30.2,24,49,2.73,NG,1682471256
367,lesnoy,57.6198,63.0784,10.1,63,100,2.48,RU,1682471312
368,saint-philippe,-21.3585,55.7679,23.77,84,6,2.2,RE,1682471312
369,harlingen,26.1906,-97.6961,26.05,94,100,3.09,US,1682471312
370,san patricio,28.017,-97.5169,24.05,83,67,5.39,US,1682471120
371,coquimbo,-29.9533,-71.3436,14.85,94,100,1.54,CL,1682471148
372,vernon,50.2581,-119.2691,16.36,43,100,1.79,CA,1682471207
373,cascavel,-24.9558,-53.4553,16.75,96,100,3.73,BR,1682471314
374,touros,-5.1989,-35.4608,25.16,88,84,3.82,BR,1682471197
375,challapata,-18.9,-66.7667,9.46,19,1,1.27,BO,1682471314
376,puerto madero,14.7208,-92.4215,30.11,70,20,3.6,MX,1682471315
377,ilomantsi,62.6716,30.9328,2.09,94,100,2.18,FI,1682471315
378,steamboat springs,40.485,-106.8317,5.56,75,0,1.54,US,1682471315
379,eldoret,0.5204,35.2699,13.44,96,100,2.21,KE,1682471315
380,grande prairie,55.1667,-118.8027,8.1,31,40,11.32,CA,1682470976
381,nowshahr,36.649,51.496,16.97,94,75,2.06,IR,1682471316
382,ataq,14.5377,46.8319,22.14,60,7,3.03,YE,1682471316
383,sinop,41.7711,34.8709,10.53,62,36,4.31,TR,1682471316
384,chonchi,-42.6128,-73.8092,10.62,99,100,0.68,CL,1682471317
385,namikupa,-10.8333,39.6,19.13,97,8,1.51,TZ,1682471317
386,malango,-2.9627,119.9001,25.33,76,76,0.69,ID,1682471317
387,galliano,29.4422,-90.2992,22.0,82,4,4.09,US,1682471318
388,vilyuysk,63.7553,121.6247,-0.79,93,100,4.3,RU,1682471318
389,kerikeri,-35.2268,173.9474,22.17,71,47,0.89,NZ,1682471037
390,kangal,39.2335,37.3911,6.41,70,19,1.88,TR,1682471319
391,midvagur,62.0511,-7.1939,1.46,75,75,5.14,FO,1682471319
392,east ballina,-28.8667,153.5833,19.89,63,85,6.61,AU,1682471319
393,kuching,1.55,110.3333,29.51,75,20,0.51,MY,1682471319
394,pelabuhanratu,-6.9875,106.5514,27.67,80,99,1.33,ID,1682471319
395,gore,-46.1028,168.9436,8.7,86,94,3.16,NZ,1682471320
396,quiberon,47.4841,-3.1196,12.26,89,100,3.13,FR,1682471308
397,genthin,52.4,12.1667,2.92,89,12,4.49,DE,1682471320
398,baharly,38.4362,57.4316,21.22,45,96,3.52,TM,1682471321
399,suining,30.508,105.5733,18.75,65,100,1.93,CN,1682471321
400,cole harbour,44.6724,-63.4751,5.53,76,95,2.24,CA,1682471321
401,nassau,40.7507,-73.5829,13.14,70,20,2.06,US,1682471223
402,micheweni,-4.9667,39.8333,25.76,87,100,5.66,TZ,1682471322
403,moranbah,-22.0016,148.0466,20.9,60,100,8.08,AU,1682471093
404,revda,56.801,59.9303,9.62,68,100,1.98,RU,1682471322
405,chapaev,50.2,51.1667,15.51,40,100,4.63,KZ,1682471322
406,gunjur,13.2019,-16.7339,20.81,85,0,7.11,GM,1682471323
407,goure,13.9835,10.2704,29.04,23,0,2.34,NE,1682471323
408,puerto deseado,-47.7503,-65.8938,9.74,67,100,4.4,AR,1682471323
409,san julian,21.0167,-102.1667,22.47,9,100,4.9,MX,1682471323
410,gadzhiyevo,69.2551,33.3362,-9.1,92,81,2.37,RU,1682471324
411,jinghong,21.991,100.7341,28.02,37,9,1.11,CN,1682471324
412,lenino,45.2986,35.7771,9.23,92,30,4.4,UA,1682471324
413,neiafu,-18.65,-173.9833,28.38,69,40,5.66,TO,1682471325
414,kathmandu,27.7167,85.3167,12.12,87,40,1.03,NP,1682470772
415,menongue,-14.6585,17.691,16.43,65,6,2.15,AO,1682471325
416,keflavik,64.0049,-22.5624,2.24,93,75,2.57,IS,1682471325
417,tostado,-29.232,-61.7692,16.66,82,1,1.71,AR,1682471326
418,zaranj,30.9667,61.8833,25.54,19,99,3.04,AF,1682471326
419,ceres,37.5949,-120.9577,28.36,22,0,5.14,US,1682471123
420,ulsteinvik,62.3432,5.8487,4.86,86,100,2.68,NO,1682471326
421,zhangye,38.9342,100.4517,11.97,27,3,4.29,CN,1682471326
422,codrington,-38.2667,141.9667,22.06,49,100,6.43,AU,1682471327
423,daru,-9.0763,143.2092,27.77,86,100,5.71,PG,1682471327
424,nar'yan-mar,67.6713,53.087,-7.14,87,10,6.03,RU,1682471327
425,dingzhou,38.5131,114.9956,14.43,15,0,2.21,CN,1682471327
426,villa regina,-39.1,-67.0667,19.57,27,97,3.55,AR,1682471327
427,illizi,26.4833,8.4667,24.69,26,100,3.7,DZ,1682471328
428,smithers,54.7804,-127.1743,8.5,46,88,2.13,CA,1682471221
429,carnarvon,-24.8667,113.6333,18.59,59,0,7.02,AU,1682471328
430,muroto-misakicho,33.2833,134.15,18.52,86,99,5.59,JP,1682471329
431,wisconsin rapids,44.3836,-89.8174,7.16,47,100,3.6,US,1682471329
432,hounde,11.5,-3.5167,31.59,37,100,2.43,BF,1682471329
433,hailar,49.2,119.7,7.5,26,100,4.9,CN,1682471330
434,borovskoy,53.8,64.15,11.76,51,96,3.43,KZ,1682471330
435,ciudad de huitzuco,18.3,-99.35,32.7,14,0,1.34,MX,1682471330
436,benton,36.3334,-94.3335,10.95,86,100,1.54,US,1682471301
437,yuzhno-kurilsk,44.0306,145.8556,5.63,85,100,11.2,RU,1682471128
438,krutinka,56.0055,71.5113,8.67,68,2,3.9,RU,1682471331
439,tolanaro,-25.0319,46.9987,18.3,79,2,2.55,MG,1682471331
440,san rafael,-34.6177,-68.3301,18.74,39,96,2.68,AR,1682471171
441,kenai,60.5544,-151.2583,6.19,56,100,7.2,US,1682471331
442,cruzeiro do sul,-29.5128,-51.9853,20.04,90,100,0.95,BR,1682471331
443,kerman,30.2832,57.0788,11.92,47,0,2.06,IR,1682471332
444,mbandaka,0.0487,18.2603,22.12,96,96,1.18,CD,1682471332
445,swakopmund,-22.6833,14.5333,14.99,87,2,0.45,NA,1682471332
446,harper,4.375,-7.7169,26.5,85,100,2.53,LR,1682471333
447,kabompo,-13.5927,24.2008,14.59,62,5,2.12,ZM,1682471333
448,mana,5.6592,-53.7767,25.22,92,100,3.03,GF,1682471333
449,quellon,-43.1167,-73.6167,10.14,100,100,3.09,CL,1682471333
450,santiago de cao,-7.9589,-79.2392,24.07,83,40,5.66,PE,1682471333
451,kiunga,-6.1219,141.2906,29.71,77,89,0.34,PG,1682471334
452,cuajinicuilapa,16.4667,-98.4167,27.12,60,3,2.91,MX,1682471334
453,san pedro,14.35,121.0167,30.73,67,20,2.57,PH,1682471334
454,holmsund,63.706,20.3641,0.97,93,100,1.54,SE,1682471334
455,masterton,-40.9597,175.6575,11.54,84,94,2.35,NZ,1682471335
456,saint-joseph,-21.3667,55.6167,23.59,84,12,1.64,RE,1682471335
457,susuman,62.7833,148.1667,-4.44,78,97,0.77,RU,1682471145
458,alice springs,-23.7,133.8833,26.75,32,87,4.12,AU,1682471335
459,blachownia,50.7802,18.9639,6.58,81,94,4.75,PL,1682471336
460,naliya,23.2667,68.8333,25.4,68,17,3.9,IN,1682471336
461,namsos,64.4662,11.4957,0.03,93,100,0.0,NO,1682471336
462,dryden,49.7833,-92.7503,5.16,36,0,2.06,CA,1682471071
463,sale,34.0389,-6.8166,22.58,82,0,0.0,MA,1682471337
464,antalaha,-14.9003,50.2788,23.85,92,51,1.57,MG,1682471224
465,bandarbeyla,9.4942,50.8122,27.6,78,36,3.81,SO,1682471337
466,colares,38.7992,-9.4469,17.09,76,74,8.05,PT,1682471337
467,motygino,58.1831,94.7592,-2.56,90,100,2.63,RU,1682471337
468,narvik,68.4384,17.4272,-0.33,83,100,3.26,NO,1682471338
469,chibougamau,49.9168,-74.3659,4.79,81,100,2.57,CA,1682471056
470,hastings,50.8552,0.5729,7.73,43,100,4.51,GB,1682471338
471,alofi,-19.0595,-169.9187,27.94,74,100,5.14,NU,1682471062
472,medicine hat,50.0501,-110.6683,17.9,31,100,2.68,CA,1682471339
473,severo-yeniseyskiy,60.3725,93.0408,-3.73,86,100,2.5,RU,1682471339
474,makar'yev,57.8797,43.8069,10.87,92,100,5.83,RU,1682471339
475,taltal,-25.4,-70.4833,17.78,83,54,1.76,CL,1682471339
476,pathein,16.7833,94.7333,30.09,63,93,5.07,MM,1682471339
477,norilsk,69.3535,88.2027,-0.32,90,100,0.75,RU,1682471340
478,azovo,54.6997,73.0237,8.86,56,55,3.98,RU,1682471340
479,grootfontein,-19.5667,18.1167,18.66,51,12,0.6,NA,1682471340
480,yebaishou,41.3975,119.6408,10.36,12,48,3.02,CN,1682471133
481,morehead city,34.7229,-76.726,17.22,71,20,3.13,US,1682471341
482,camarinas,43.1311,-9.1817,16.77,97,100,4.52,ES,1682471341
483,poronaysk,49.2167,143.1167,2.93,76,100,5.94,RU,1682471341
484,tarfaya,27.9358,-12.9218,18.95,88,1,3.48,MA,1682471341
485,zyryanovsk,49.7386,84.2719,1.02,71,97,0.9,KZ,1682471342
486,al khums,32.6486,14.2619,20.74,47,55,0.59,LY,1682471342
487,bijar,35.8668,47.6051,6.37,68,0,2.14,IR,1682471247
488,terme,41.2092,36.9739,9.96,74,92,1.34,TR,1682471343
489,ain sefra,32.75,-0.5833,21.34,27,0,2.1,DZ,1682471343
490,shkurinskaya,46.5858,39.3599,6.9,91,4,2.75,RU,1682471344
491,corbelia,-24.7989,-53.3067,17.2,96,100,2.72,BR,1682471345
492,marquette,46.5333,-87.6335,0.7,74,50,2.35,US,1682471345
493,quelimane,-17.8786,36.8883,22.1,77,57,0.96,MZ,1682471345
494,saint-louis,16.3333,-15.0,27.42,33,0,6.31,SN,1682471346
495,mar del plata,-38.0023,-57.5575,18.38,96,100,3.6,AR,1682471346
496,chamical,-30.36,-66.314,17.81,67,6,1.44,AR,1682471347
497,alo,7.4178,6.7371,27.09,76,100,2.53,NG,1682471348
498,amherst,41.3978,-82.2224,6.89,86,100,4.12,US,1682471348
499,el abiodh sidi cheikh,32.893,0.5484,22.15,24,0,1.92,DZ,1682471348
500,cromwell,41.5951,-72.6454,10.84,68,0,0.0,US,1682471204
501,meizhou,24.2977,116.1072,18.87,68,58,1.94,CN,1682471349
502,launceston,-41.45,147.1667,17.41,94,40,2.06,AU,1682471350
503,villa hernandarias,-31.231,-59.985,17.92,78,99,1.93,AR,1682471350
504,bamboo flat,11.7,92.7167,28.63,74,94,1.58,IN,1682471302
505,maisi,43.0395,41.2621,8.2,44,79,3.63,GE,1682471351
506,papao,-17.75,-149.55,28.7,79,100,5.03,PF,1682471071
507,balnearia,-31.0088,-62.6673,17.49,81,6,2.83,AR,1682471351
508,las tablas,7.7667,-80.2833,26.21,99,54,2.33,PA,1682471351
509,chernyshevskiy,63.0128,112.4714,-4.72,92,100,2.52,RU,1682471087
510,pangai,-19.8,-174.35,26.14,76,20,7.37,TO,1682471352
511,minas de marcona,-15.2119,-75.1103,17.33,80,84,3.75,PE,1682471352
512,el bauga,18.262,33.9081,27.65,42,5,3.8,SD,1682471353
513,grand falls-windsor,48.9332,-55.6649,0.84,92,100,0.89,CA,1682471068
514,matoury,4.8483,-52.3317,23.98,100,100,2.57,GF,1682471354
515,laguna,38.421,-121.4238,29.99,18,0,4.63,US,1682471295
516,dalnegorsk,44.5604,135.5701,9.97,49,86,2.02,RU,1682471355
517,puerto baquerizo moreno,-0.9,-89.6,25.92,76,53,2.05,EC,1682471135
518,zalingei,12.9096,23.4741,29.18,26,89,0.7,SD,1682471355
519,rio preto da eva,-2.6994,-59.6997,23.17,99,100,1.12,BR,1682471323
520,guanica,17.9716,-66.908,26.95,69,100,1.48,PR,1682471356
521,soe,-9.8607,124.284,24.03,73,42,3.02,ID,1682471356
522,dalmatovo,56.26,62.9362,11.47,63,100,2.87,RU,1682471357
523,preobrazheniye,42.9019,133.9064,7.45,69,97,2.47,RU,1682471358
524,coro,11.4045,-69.6734,26.48,73,99,4.53,VE,1682471358
525,okahao,-17.885,15.0667,23.25,55,6,2.18,NA,1682471358
526,ouadda,8.0777,22.4007,23.16,71,100,1.2,CF,1682471359
527,rehoboth,-23.3167,17.0833,20.21,49,22,0.59,NA,1682471359
528,shalkar,47.8288,59.6258,14.21,30,100,5.61,KZ,1682471359
529,nabire,-3.3667,135.4833,30.13,66,14,1.1,ID,1682471360
530,drammen,59.7439,10.2045,2.66,88,74,2.9,NO,1682471342
531,altay,47.8667,88.1167,2.28,57,52,0.9,CN,1682471360
532,buka,40.8108,69.1986,13.98,64,0,3.38,UZ,1682471361
533,selfoss,63.9331,-20.9971,-0.53,66,61,2.78,IS,1682471361
534,dzhetygara,52.1908,61.2006,11.99,52,100,3.76,KZ,1682471361
535,san rafael del yuma,18.4299,-68.6739,25.11,79,81,2.32,DO,1682471362
